,City,Cloudiness,Country,Date,Humidity,Lat,Lng,Max Temp,Wind Speed
0,Bredasdorp,0,ZA,1595190248,93,-34.53,20.04,55.4,1.63
1,Ushuaia,40,AR,1595190189,100,-54.8,-68.3,33.8,6.93
2,Laas,39,IT,1595190311,59,46.62,10.7,64.4,3.36
3,Grindavik,75,IS,1595190147,71,63.84,-22.43,50.0,8.05
4,Arraial do Cabo,0,BR,1595190252,78,-22.97,-42.03,73.4,17.22
5,Lüderitz,0,NA,1595190311,27,-26.65,15.16,68.0,6.93
6,Severo-Kuril'sk,100,RU,1595190312,91,50.68,156.12,50.32,9.84
7,Dikson,100,RU,1595190312,99,73.51,80.55,41.11,14.61
8,Mar del Plata,75,AR,1595190299,93,-38.0,-57.56,55.4,13.87
9,Saint-Philippe,75,RE,1595190087,77,-21.36,55.77,68.0,14.99
10,Moree,0,AU,1595190304,86,-29.47,149.85,37.4,6.24
11,Alofi,75,NU,1595190230,78,-19.06,-169.92,75.2,6.93
12,Bethel,1,US,1595190312,41,41.37,-73.41,95.0,9.17
13,Mount Isa,0,AU,1595190312,17,-20.73,139.5,62.6,5.82
14,Nantucket,90,US,1595190312,88,41.28,-70.1,75.99,11.41
15,Hermanus,1,ZA,1595190313,94,-34.42,19.23,51.01,8.01
16,La Ronge,75,CA,1595190231,77,55.1,-105.28,64.4,8.05
17,Hasaki,75,JP,1595190209,100,35.73,140.83,71.01,0.94
18,New Norfolk,51,AU,1595190065,86,-42.78,147.06,44.01,1.99
19,Isangel,20,VU,1595190296,88,-19.55,169.27,64.4,5.99
20,Puerto Ayora,75,EC,1595190232,69,-0.74,-90.35,77.0,11.41
21,Rikitea,37,PF,1595190313,73,-23.12,-134.97,68.58,16.26
22,Los Llanos de Aridane,0,ES,1595190313,78,28.66,-17.92,78.01,14.99
23,Barrow,40,US,1595190314,80,71.29,-156.79,35.6,9.17
24,Port Lincoln,56,AU,1595190097,75,-34.73,135.87,51.3,9.28
25,Tpig,0,RU,1595190314,54,41.78,47.59,62.98,6.35
26,Pljevlja,43,ME,1595190314,100,43.33,19.33,53.6,3.36
27,Bogorodskoye,86,RU,1595190314,92,56.55,37.88,58.05,2.62
28,Albany,44,US,1595190314,40,42.6,-73.97,97.0,9.13
29,Helena,1,US,1595190171,22,46.59,-112.04,80.6,9.17
30,Dickinson,1,US,1595190182,59,29.46,-95.05,91.99,9.17
31,Miles City,40,US,1595190314,21,46.41,-105.84,82.4,8.05
32,Mataura,100,NZ,1595190130,83,-46.19,168.86,39.0,3.0
33,Xining,95,CN,1595190314,60,36.62,101.77,52.05,3.06
34,Cairns,40,AU,1595190196,82,-16.92,145.77,60.8,8.05
35,Antofagasta,40,CL,1595190300,67,-23.65,-70.4,59.0,11.41
36,Vaini,90,TO,1595190229,100,-21.2,-175.2,66.2,6.93
37,Chase,75,CA,1595190065,39,50.82,-119.69,80.6,16.11
38,Caravelas,82,BR,1595190267,82,-17.71,-39.25,72.95,8.34
39,Kristiansund,100,NO,1595190315,82,63.11,7.73,55.4,11.41
40,Saint George,1,US,1595190081,8,37.1,-113.58,106.0,4.7
41,Laibin,100,CN,1595190315,91,23.7,109.27,78.89,6.33
42,Bac Lieu,100,VN,1595190315,77,9.29,105.72,81.36,3.96
43,Jamestown,20,US,1595190131,100,42.1,-79.24,69.8,12.75
44,Constitución,91,CL,1595190307,86,-35.33,-72.42,55.27,7.54
45,Nikolskoye,0,RU,1595190250,68,59.7,30.79,66.2,4.47
46,Punta Arenas,75,CL,1595190224,69,-53.15,-70.92,35.6,9.17
47,Blyth,59,GB,1595190315,58,55.13,-1.51,60.01,9.17
48,Tarko-Sale,100,RU,1595190315,94,64.92,77.78,52.0,21.27
49,Lebu,2,CL,1595190316,85,-37.62,-73.65,54.19,12.1
50,Upernavik,91,GL,1595190316,55,72.79,-56.15,49.75,4.41
51,Kralendijk,75,BQ,1595190316,66,12.15,-68.27,87.8,18.34
52,Capim Grosso,67,BR,1595190064,73,-11.38,-40.01,71.82,14.47
53,Imelda,100,PH,1595190316,80,7.65,123.95,78.17,4.0
54,Erenhot,0,CN,1595190316,31,43.65,111.98,71.04,7.92
55,Bengkulu,40,ID,1595190317,91,-3.8,102.27,76.24,7.05
56,Saint Paul Harbor,90,US,1595190096,82,57.79,-152.41,57.2,11.41
57,Lorengau,42,PG,1595190317,75,-2.02,147.27,81.1,7.7
58,Hobart,40,AU,1595190118,65,-42.88,147.33,46.4,8.05
59,Ābyek,23,IR,1595190317,22,36.07,50.55,86.0,9.17
60,Oriximiná,37,BR,1595190317,44,-1.77,-55.87,90.32,7.74
61,Kibondo,45,TZ,1595190317,48,-3.59,30.72,63.82,2.19
62,Tasiilaq,0,GL,1595190174,58,65.61,-37.64,53.6,6.93
63,Khatanga,95,RU,1595190318,79,71.97,102.5,51.57,5.41
64,Torbay,20,CA,1595190073,43,47.67,-52.73,75.99,6.93
65,Sanaa,95,YE,1595190318,42,15.35,44.21,69.35,7.14
66,East London,0,ZA,1595190318,74,-33.02,27.91,63.16,15.43
67,Shar,89,KZ,1595190318,65,49.59,81.05,67.75,4.05
68,Forbes,0,AU,1595190318,79,-33.38,148.02,41.0,6.55
69,Mahébourg,40,MU,1595190128,72,-20.41,57.7,68.0,12.75
70,Saldanha,0,ZA,1595190318,81,-33.01,17.94,51.8,2.24
71,Carmo do Paranaíba,0,BR,1595190318,55,-19.0,-46.32,71.01,4.0
72,Biryusinsk,66,RU,1595190319,86,55.96,97.82,46.15,2.64
73,Busselton,63,AU,1595190198,75,-33.65,115.33,45.0,7.9
74,Lima,75,PE,1595190206,68,-12.04,-77.03,66.2,6.93
75,Norman Wells,75,CA,1595190264,67,65.28,-126.83,62.6,4.7
76,Anzio,0,IT,1595190319,64,41.49,12.62,73.99,10.11
77,Atuona,39,PF,1595190319,72,-9.8,-139.03,79.52,14.14
78,Mamou,83,GN,1595190097,93,10.5,-12.0,69.58,3.87
79,Novozaimka,57,RU,1595190319,65,56.49,66.92,72.01,0.67
80,Igarka,100,RU,1595190319,69,67.47,86.58,53.53,8.5
81,Katobu,3,ID,1595190319,90,-4.94,122.53,72.52,5.19
82,Ostrovnoy,0,RU,1595190319,70,68.05,39.51,65.64,15.05
83,Dana Point,6,US,1595190085,50,33.47,-117.7,84.99,12.37
84,Somerset,20,US,1595190320,46,40.57,-74.55,97.0,10.29
85,Bad Münstereifel,21,DE,1595190320,58,50.55,6.77,68.0,3.29
86,Baruun-Urt,53,MN,1595190320,68,46.68,113.28,50.4,10.22
87,Pitanga,24,BR,1595190320,70,-24.76,-51.76,68.49,4.09
88,Vanimo,72,PG,1595190320,85,-2.67,141.3,76.35,4.88
89,Poya,16,NC,1595190320,79,-21.35,165.15,64.65,3.51
90,Westport,1,US,1595190320,52,41.14,-73.36,91.4,16.11
91,Coyhaique,90,CL,1595190321,85,-45.58,-72.07,33.8,6.93
92,Corinth,0,GR,1595190321,55,37.94,22.96,78.01,1.01
93,San Patricio,20,MX,1595190160,70,19.22,-104.7,89.6,13.87
94,San Vicente,0,AR,1595190321,64,-26.62,-54.13,74.46,3.83
95,Tigil',33,RU,1595190321,85,57.8,158.67,51.48,6.53
96,Tshikapa,47,CD,1595190321,31,-6.42,20.8,72.0,2.24
97,Itarema,6,BR,1595190321,68,-2.92,-39.92,80.13,16.64
98,Ambāgarh Chauki,100,IN,1595190321,79,20.78,80.72,80.87,7.92
99,Ikon-Khalk,0,RU,1595190321,78,44.31,41.91,71.06,0.29
100,Saint-Augustin,81,CA,1595190322,48,51.23,-58.65,76.17,9.62
101,Road Town,20,VG,1595190322,58,18.42,-64.62,89.6,14.99
102,Cabo San Lucas,40,MX,1595190056,38,22.89,-109.91,93.2,11.41
103,Athabasca,100,CA,1595190273,74,54.72,-113.29,64.94,8.37
104,Yangi Marg`ilon,2,UZ,1595190322,36,40.43,71.72,77.0,9.17
105,Maniitsoq,99,GL,1595190322,81,65.42,-52.9,50.2,2.73
106,Tura,99,IN,1595190188,97,25.52,90.22,74.88,7.47
107,Qaanaaq,100,GL,1595190099,66,77.48,-69.36,48.06,1.79
108,Deep River,90,CA,1595190322,73,46.1,-77.5,77.0,13.89
109,Steamboat Springs,1,US,1595190272,16,40.48,-106.83,86.0,10.29
110,Yellowknife,75,CA,1595190212,68,62.46,-114.35,70.0,12.75
111,Agüimes,0,ES,1595190323,33,27.91,-15.45,86.0,28.86
112,Bluff,100,NZ,1595190130,83,-46.6,168.33,39.0,3.0
113,San Luis,0,AR,1595190323,49,-33.3,-66.34,66.34,5.5
114,Guerrero Negro,4,MX,1595190233,58,27.98,-114.06,78.85,16.24
115,Husavik,40,IS,1595190034,71,66.04,-17.34,50.0,9.17
116,Cape Town,75,ZA,1595190323,93,-33.93,18.42,61.0,11.41
117,Butaritari,99,KI,1595190225,75,3.07,172.79,83.35,15.68
118,La Palma,1,US,1595190288,45,33.85,-118.05,88.0,8.05
119,Ponta do Sol,20,PT,1595190099,56,32.67,-17.1,73.4,14.99
120,Tamale,100,GH,1595190323,68,9.4,-0.84,80.24,5.57
121,Jinchang,100,CN,1595190323,24,38.5,102.17,69.78,1.59
122,Haimen,100,CN,1595190323,88,23.19,116.61,80.6,8.03
123,Kapaa,75,US,1595190323,83,22.08,-159.32,84.2,14.99
124,Hithadhoo,100,MV,1595190197,79,-0.6,73.08,82.74,16.28
125,George Town,40,MY,1595190277,100,5.41,100.34,80.6,4.7
126,Henties Bay,0,NA,1595190054,25,-22.12,14.28,71.01,8.59
127,Castro,53,BR,1595190324,70,-24.79,-50.01,67.42,3.8
128,Esperance,90,AU,1595190324,81,-33.87,121.9,50.0,4.7
129,Salym,0,RU,1595190324,86,60.06,71.48,60.84,8.46
130,Chokurdakh,80,RU,1595190324,51,70.63,147.92,66.18,15.57
131,São Marcos,0,BR,1595190324,35,-28.97,-51.07,75.99,3.02
132,Carahue,40,CL,1595190324,62,-38.7,-73.17,59.0,10.29
133,Lenger,0,KZ,1595190324,26,42.18,69.88,84.2,11.18
134,Fairbanks,90,US,1595190324,77,64.84,-147.72,64.4,4.7
135,Rybnoye,0,RU,1595190325,82,54.73,39.51,57.99,5.41
136,Geraldton,0,AU,1595190202,87,-28.77,114.6,48.2,8.05
137,Nicaea,0,TR,1595190325,78,40.43,29.72,73.4,2.62
138,Aldan,100,RU,1595190325,80,58.6,125.39,61.52,5.77
139,Faya,100,SA,1595190325,53,18.39,42.45,75.2,6.93
140,São João da Barra,0,BR,1595190325,69,-21.64,-41.05,75.2,16.11
141,Matara,100,LK,1595190083,85,5.95,80.54,78.89,8.3
142,Brae,2,GB,1595190245,87,60.4,-1.35,53.6,5.82
143,Port Alfred,0,ZA,1595190311,82,-33.59,26.89,61.11,12.84
144,Airai,49,TL,1595190188,64,-8.93,125.41,53.71,2.73
145,Ligayan,99,PH,1595190325,70,4.65,119.47,84.07,5.97
146,Broome,1,US,1595190325,43,42.25,-75.83,91.99,11.41
147,Korsholm,100,FI,1595190325,68,63.11,21.68,66.99,5.82
148,Mariehamn,100,AX,1595190326,77,60.1,19.93,66.2,8.05
149,Mount Gambier,40,AU,1595190039,87,-37.83,140.77,44.6,8.05
150,Madimba,20,TZ,1595190326,88,-10.4,40.33,69.8,10.29
151,Tuktoyaktuk,90,CA,1595190139,87,69.45,-133.04,42.8,2.24
152,Hay River,75,CA,1595190251,57,60.82,-115.8,75.2,4.7
153,Faanui,57,PF,1595190047,83,-16.48,-151.75,77.07,21.68
154,Muriwai Beach,29,NZ,1595190326,96,-36.82,174.45,52.0,9.24
155,Acapulco de Juárez,40,MX,1595190326,74,16.86,-99.89,87.8,9.17
156,Atyrau,0,KZ,1595190326,34,47.12,51.88,78.8,6.71
157,Oromocto,40,CA,1595190326,65,45.84,-66.48,82.4,8.05
158,Bandarbeyla,28,SO,1595190090,58,9.49,50.81,81.19,25.95
159,Kununurra,0,AU,1595190327,42,-15.77,128.73,59.0,1.12
160,Lavrentiya,28,RU,1595190230,64,65.58,-171.0,48.81,10.51
161,Aklavik,90,CA,1595190327,93,68.22,-135.01,46.4,3.36
162,Lukovetskiy,0,RU,1595190307,93,64.3,41.92,57.2,4.47
163,Sterling,40,US,1595190264,44,39.01,-77.43,99.0,4.7
164,Hofn,75,IS,1595190198,50,64.25,-15.21,57.2,5.82
165,Hässleholm,84,SE,1595190327,93,56.16,13.77,69.01,2.24
166,Litein,93,KE,1595190327,92,-0.58,35.19,52.11,2.42
167,Cherskiy,0,RU,1595190327,53,68.75,161.3,67.05,8.03
168,Leticia,75,CO,1595190328,70,-4.22,-69.94,87.8,3.36
169,Simnas,100,LT,1595190328,72,54.4,23.65,66.2,4.7
170,Chui,100,UY,1595190052,81,-33.7,-53.46,69.84,6.49
171,Yar-Sale,0,RU,1595190064,86,66.83,70.83,47.55,8.48
172,General Pico,100,AR,1595190123,67,-35.66,-63.76,63.63,6.93
173,Baykit,0,RU,1595190328,84,61.67,96.37,45.45,1.9
174,Bayangol,0,RU,1595190328,90,50.7,103.47,39.7,2.33
175,Yerbogachën,99,RU,1595190308,87,61.28,108.01,46.15,1.25
176,Egvekinot,0,RU,1595190328,66,66.32,-179.17,43.9,6.55
177,Kieta,1,PG,1595190328,77,-6.22,155.63,77.02,4.81
178,Hilo,1,US,1595190328,62,19.73,-155.09,84.2,6.93
179,Pevek,0,RU,1595190328,58,69.7,170.31,46.06,2.86
180,Talnakh,92,RU,1595190316,81,69.49,88.4,48.2,17.9
181,Nhulunbuy,46,AU,1595190329,78,-12.23,136.77,71.6,5.82
182,Shwebo,100,MM,1595190329,90,22.57,95.7,77.52,11.34
183,Bragadiru,40,RO,1595190329,93,44.37,25.98,69.01,5.82
184,Mazamari,25,PE,1595190329,30,-11.33,-74.53,91.42,1.12
185,Misratah,0,LY,1595190329,72,32.38,15.09,77.07,9.82
186,São Fidélis,16,BR,1595190329,69,-21.65,-41.75,75.2,16.11
187,Provideniya,75,RU,1595190330,66,64.38,-173.3,53.6,2.24
188,Carnarvon,0,AU,1595190330,87,-24.87,113.63,48.2,6.93
189,Thompson,75,CA,1595190326,36,55.74,-97.86,77.0,11.41
190,Port Elizabeth,0,ZA,1595190156,93,-33.92,25.57,55.4,3.36
191,Neepawa,75,CA,1595190330,53,50.23,-99.47,71.6,9.17
192,Coquimbo,75,CL,1595190146,87,-29.95,-71.34,55.4,10.29
193,Delta del Tigre,100,UY,1595190330,61,-34.76,-56.39,77.0,8.05
194,Turbat,81,PK,1595190331,68,26.0,63.04,88.18,7.58
195,Teya,100,RU,1595190331,76,60.38,92.63,54.0,2.77
196,Vardø,75,NO,1595190331,93,70.37,31.11,55.4,10.29
197,Mandalgovi,100,MN,1595190331,47,45.76,106.27,58.39,8.52
198,Taoudenni,95,ML,1595190319,13,22.68,-3.98,105.76,2.06
199,Nabire,34,ID,1595190331,83,-3.37,135.48,74.91,3.42
200,Lagoa,15,PT,1595190059,75,39.05,-27.98,69.42,7.09
201,Champerico,40,GT,1595190331,63,14.3,-91.92,91.4,11.41
202,Pisco,14,PE,1595190248,68,-13.7,-76.22,68.0,14.99
203,Bathsheba,40,BB,1595190057,62,13.22,-59.52,86.0,14.99
204,Saskylakh,93,RU,1595190331,78,71.92,114.08,51.55,10.16
205,Samarai,100,PG,1595190332,85,-10.62,150.67,76.01,14.76
206,Carutapera,100,BR,1595190111,76,-1.2,-46.02,80.55,9.01
207,Sørland,20,NO,1595190102,76,67.67,12.69,57.2,10.29
208,Avarua,98,CK,1595190332,78,-21.21,-159.78,77.0,14.99
209,Ilulissat,100,GL,1595190245,50,69.22,-51.1,53.6,2.24
210,Richards Bay,0,ZA,1595190332,85,-28.78,32.04,60.39,4.23
211,Salalah,75,OM,1595190275,94,17.02,54.09,78.8,3.36
212,Makakilo City,75,US,1595190333,58,21.35,-158.09,86.0,9.17
213,Iranshahr,40,IR,1595190333,30,27.2,60.68,96.8,16.11
214,Morón,98,AR,1595190333,69,-34.65,-58.62,75.99,4.7
215,Marzuq,67,YE,1595190333,50,14.4,46.47,78.91,8.61
216,Okato,0,NZ,1595190104,77,-39.2,173.88,51.01,8.01
217,Roald,90,NO,1595190334,82,62.58,6.13,57.0,3.36
218,Curup,94,ID,1595190334,94,-3.47,102.53,68.97,3.36
219,Itacaré,40,BR,1595190334,61,-14.28,-39.0,80.6,11.41
220,Grand Gaube,55,MU,1595190134,67,-20.01,57.66,68.0,10.0
221,Sur,71,OM,1595190081,76,22.57,59.53,86.14,12.97
222,Raudeberg,75,NO,1595190335,76,61.99,5.14,55.4,8.05
223,Laguna,1,US,1595190040,35,38.42,-121.42,86.0,10.29
224,Lompoc,6,US,1595190197,77,34.64,-120.46,68.0,10.29
225,Vila,0,PT,1595190335,70,42.03,-8.16,75.0,1.01
226,Bayir,0,TR,1595190335,78,37.27,28.22,73.4,1.61
227,Klaksvík,100,FO,1595190335,81,62.23,-6.59,48.2,12.75
228,Tiznit Province,0,MA,1595190328,30,29.58,-9.5,85.12,2.98
229,Hornepayne,100,CA,1595190335,68,49.21,-84.77,69.85,13.49
230,Leningradskiy,59,RU,1595190336,80,69.38,178.42,37.27,4.88
231,Clyde River,20,CA,1595190252,81,70.47,-68.59,46.4,9.17
232,Rio Grande,84,BR,1595190124,48,-32.03,-52.1,84.2,4.7
233,Palmer,20,US,1595190336,32,42.16,-72.33,96.8,9.17
234,Port-Cartier,40,CA,1595190336,54,50.03,-66.87,78.8,10.29
235,São Filipe,88,CV,1595190336,81,14.9,-24.5,77.56,7.14
236,Neiafu,75,TO,1595190336,94,-18.65,-173.98,69.8,17.22
237,Chicama,6,PE,1595190336,58,-7.84,-79.15,70.66,11.18
238,Nālūt,0,LY,1595190336,44,30.33,10.85,81.79,27.69
239,High Level,75,CA,1595190336,82,58.52,-117.14,62.6,3.36
240,Beringovskiy,44,RU,1595190059,83,63.05,179.32,45.48,12.44
241,Touros,40,BR,1595190336,74,-5.2,-35.46,80.6,9.17
242,Iqaluit,90,CA,1595190337,93,63.75,-68.51,46.4,5.82
243,Mikkeli,100,FI,1595190337,74,61.69,27.27,66.99,2.35
244,Timbiquí,71,CO,1595190337,80,2.77,-77.67,81.88,9.82
245,Saint Anthony,1,US,1595190211,37,45.02,-93.22,84.0,20.8
246,Birin,100,NP,1595190337,100,26.89,88.07,63.41,2.24
247,Leshukonskoye,0,RU,1595190337,64,64.9,45.76,57.15,3.89
248,Kaihua,100,CN,1595190337,93,23.37,104.28,65.98,3.22
249,Birao,100,CF,1595190337,92,10.28,22.79,70.92,0.94
250,Adrar,17,MR,1595190051,14,20.5,-10.07,100.85,6.82
251,Hamilton,75,US,1595190286,52,39.18,-84.53,96.01,12.75
252,Owando,100,CG,1595190338,87,-0.48,15.9,73.65,2.86
253,Eftimie Murgu,23,RO,1595190338,88,44.9,22.09,61.0,3.58
254,Olinda,40,BR,1595190338,78,-8.01,-34.86,78.8,10.29
255,Longyearbyen,75,SJ,1595190286,87,78.22,15.64,44.6,13.87
256,Moscow,98,RU,1595190141,100,55.75,37.62,64.99,2.24
257,Yarmouth,1,US,1595190295,69,41.71,-70.23,82.4,14.99
258,Orcopampa,62,PE,1595190338,25,-15.27,-72.34,61.57,6.31
259,Borogontsy,38,RU,1595190331,87,62.67,131.17,66.63,5.68
260,Dzidzantun,65,MX,1595190338,53,21.25,-89.05,90.36,7.67
261,Baytown,61,US,1595190338,62,29.74,-94.98,93.0,9.42
262,Tuatapere,89,NZ,1595190339,83,-46.13,167.68,39.0,3.0
263,Rurrenabaque,35,BO,1595190339,42,-14.44,-67.53,90.45,5.39
264,Birjand,0,IR,1595190339,13,32.87,59.22,73.4,9.17
265,Vila do Maio,40,CV,1595190339,74,15.13,-23.22,80.6,6.93
266,Hvide Sande,58,DK,1595190339,80,56.0,8.13,59.0,1.01
267,Spokane,1,US,1595190339,25,47.62,-117.37,86.0,3.36
268,Panama City,40,PA,1595190335,70,8.99,-79.52,91.4,5.82
269,Valparaíso,75,CL,1595190340,100,-33.04,-71.63,59.0,6.93
270,Ribeira Grande,75,PT,1595190340,73,38.52,-28.7,71.6,8.05
271,Sarangani,88,PH,1595190340,66,5.4,125.46,84.09,3.53
272,Emerald,0,AU,1595190244,81,-23.53,148.17,50.0,3.36
273,Coos Bay,1,US,1595190340,72,43.37,-124.22,80.01,24.16
274,Sitka,90,US,1595190079,93,57.05,-135.33,55.4,10.29
275,Marabu,40,MY,1595190340,100,4.41,114.01,78.01,3.36
276,Dunedin,16,NZ,1595190102,82,-45.87,170.5,42.01,10.0
277,Fortuna,20,US,1595190061,68,40.6,-124.16,66.99,10.29
278,Kloulklubed,75,PW,1595190340,88,7.04,134.26,77.0,8.14
279,Nanortalik,4,GL,1595190076,74,60.14,-45.24,51.04,3.67
280,Yairipok,100,IN,1595190341,95,24.67,94.07,71.51,1.95
281,Dingle,55,PH,1595190341,88,11.0,122.67,75.2,3.53
282,Ambon City,65,ID,1595190234,15,-3.7,128.18,78.01,11.74
283,Weatherford,62,US,1595190341,52,32.76,-97.8,93.99,4.0
284,Amga,16,RU,1595190341,93,60.9,131.96,67.46,2.91
285,Kitimat,92,CA,1595190341,69,54.05,-128.65,70.0,1.7
286,Vila Franca do Campo,75,PT,1595190093,68,37.72,-25.43,71.6,11.41
287,Souillac,40,MU,1595190341,72,-20.52,57.52,68.0,12.75
288,Yumen,90,CN,1595190341,18,40.28,97.2,75.99,6.58
289,Hermiston,1,US,1595190276,27,45.84,-119.29,93.0,4.7
290,Ranau,20,MY,1595190342,94,5.95,116.66,75.2,4.7
291,Xuzhou,0,CN,1595190342,88,34.18,117.16,69.22,3.98
292,Bud,90,US,1595190342,73,39.45,-86.18,87.01,9.17
293,Mandera,90,KE,1595190342,61,3.94,41.87,79.29,20.2
294,Cayenne,75,GF,1595190342,74,4.93,-52.33,84.2,8.05
295,Ancud,75,CL,1595190070,100,-41.87,-73.82,51.01,6.93
296,Yuzhne,2,UA,1595190217,56,46.62,31.1,71.6,4.32
297,Lourdes,0,FR,1595190342,73,43.1,-0.05,71.6,5.82
298,Kilifi,20,KE,1595190342,73,-3.63,39.85,77.0,9.17
299,Fort Saint James,8,CA,1595190342,42,54.43,-124.25,70.93,8.55
300,Port Hardy,40,CA,1595190208,68,50.7,-127.42,66.2,17.22
301,Wewak,25,PG,1595190342,89,-3.55,143.63,75.9,5.75
302,Shelburne,20,CA,1595190343,78,44.08,-80.2,80.6,8.05
303,Grenville,20,GD,1595190176,74,12.12,-61.62,86.0,20.8
304,Haines Junction,100,CA,1595190071,51,60.75,-137.51,61.39,7.58
305,Ulety,100,RU,1595190343,70,51.36,112.48,48.43,8.86
306,Nome,90,US,1595190052,66,64.5,-165.41,54.0,9.17
307,Stara Vyzhivka,1,UA,1595190343,89,51.44,24.44,62.71,5.77
308,Sittwe,100,MM,1595190343,82,20.15,92.9,81.7,4.47
309,Mattru,100,SL,1595190343,95,7.62,-11.83,73.54,3.83
310,Jinxiang,100,CN,1595190343,84,22.86,115.7,82.29,8.16
311,Moose Factory,75,CA,1595190343,88,51.26,-80.61,75.2,5.82
312,Urcos,40,PE,1595190344,10,-13.69,-71.62,71.6,6.93
313,Rio de Janeiro,0,BR,1595190344,64,-22.9,-43.21,77.0,6.93
314,Kulu,0,TR,1595190344,22,39.1,33.08,83.46,9.01
315,Grand-Santi,56,GF,1595190344,65,4.25,-54.38,85.96,2.82
316,Yuncheng,0,CN,1595190344,57,35.02,110.99,72.63,4.05
317,Terney,100,RU,1595190345,79,45.05,136.61,59.25,1.68
318,Kulhudhuffushi,100,MV,1595190345,84,6.62,73.07,80.01,24.74
319,Trelew,100,AR,1595190345,80,-43.25,-65.31,45.93,13.8
320,Petropavlovsk-Kamchatskiy,20,RU,1595190345,100,53.05,158.65,53.6,6.71
321,Kaitangata,93,NZ,1595190345,82,-46.28,169.85,42.01,5.99
322,Nadym,50,RU,1595190345,89,65.53,72.52,48.25,14.54
323,Inhambane,20,MZ,1595190345,82,-23.86,35.38,66.2,9.44
324,Pala,94,TD,1595190345,85,9.36,14.9,74.57,5.12
325,Kiryat Gat,0,IL,1595190122,66,31.61,34.76,81.0,4.07
326,Tiarei,40,PF,1595190333,65,-17.53,-149.33,80.6,3.36
327,Port Pirie,90,AU,1595190346,75,-33.18,138.02,46.4,3.36
328,Waitati,17,NZ,1595190346,86,-45.75,170.57,42.01,3.0
329,Ginda,0,IN,1595190346,82,30.69,78.49,64.87,2.51
330,Kamaishi,79,JP,1595190346,90,39.27,141.88,65.75,1.92
331,San Angelo,75,US,1595190063,34,31.46,-100.44,96.01,8.08
332,Logan,1,US,1595190120,14,41.74,-111.83,91.0,11.97
333,Ust'-Omchug,99,RU,1595190346,58,61.15,149.63,58.71,1.5
334,Şipote,100,RO,1595190346,80,47.47,27.22,68.0,3.0
335,Hong Kong,100,HK,1595190255,74,22.29,114.16,84.0,5.99
336,Thinadhoo,100,MV,1595190346,76,0.53,72.93,83.32,16.31
337,Khandyga,11,RU,1595190347,92,62.67,135.6,68.7,2.44
338,Tsaratanana,1,MG,1595190347,64,-16.78,47.65,62.31,15.97
339,São Raimundo Nonato,0,BR,1595190061,21,-9.02,-42.7,85.05,9.66
340,Sauce,97,UY,1595190347,68,-34.65,-56.06,77.0,4.7
341,Poum,61,NC,1595190208,71,-20.23,164.02,70.52,12.59
342,Amparafaravola,62,MG,1595190347,84,-17.58,48.22,53.64,7.83
343,Lokosovo,34,RU,1595190067,83,61.13,74.82,57.85,7.09
344,Naze,40,JP,1595190250,94,28.37,129.48,80.6,5.82
345,Tuy Hoa,98,VN,1595190347,87,13.08,109.3,77.32,4.88
346,Shanghai,100,CN,1595190236,88,31.22,121.46,79.0,6.71
347,Huitziltepec,0,MX,1595190348,43,17.82,-99.47,90.0,2.48
348,Saint-François,0,FR,1595190348,53,46.42,3.91,73.4,2.73
349,Anadyr,0,RU,1595190348,66,64.75,177.48,50.0,4.47
350,Waipawa,100,NZ,1595190348,93,-41.41,175.52,46.0,2.24
351,Bambous Virieux,40,MU,1595190348,72,-20.34,57.76,68.0,12.75
352,Kushikino,100,JP,1595190348,92,31.72,130.27,77.31,6.38
353,Xai-Xai,0,MZ,1595190348,81,-25.05,33.64,62.87,6.4
354,Aitape,23,PG,1595190348,81,-3.14,142.35,76.35,4.59
355,Takoradze,5,GH,1595190348,89,4.88,-1.76,75.56,7.52
356,Codrington,29,AU,1595190348,85,-38.27,141.97,45.54,9.19
357,Port Blair,100,IN,1595190348,78,11.67,92.75,81.18,2.95
358,Rawson,100,AR,1595190349,81,-43.3,-65.1,46.27,14.0
359,Priargunsk,26,RU,1595190349,91,50.37,119.1,51.35,8.19
360,Humaitá,99,BR,1595190349,52,-7.51,-63.02,90.41,0.98
361,Isabela,95,PH,1595190349,82,6.71,121.97,77.79,2.42
362,Houma,40,US,1595190260,88,29.6,-90.72,79.0,6.93
363,Walvis Bay,0,NA,1595190349,17,-22.96,14.51,71.6,9.17
364,Goianésia,0,BR,1595190349,29,-15.32,-49.12,81.82,8.12
365,Genhe,93,CN,1595190349,93,50.78,121.52,54.73,7.2
366,Arrondissement de Beauvais,81,FR,1595190349,63,49.42,2.0,73.4,11.41
367,Mwinilunga,25,ZM,1595190349,57,-11.74,24.43,55.62,4.52
368,Abu Dhabi,0,AE,1595190349,67,24.47,54.37,100.4,8.05
369,Pitrufquén,40,CL,1595190349,62,-38.98,-72.65,59.0,10.29
370,Yinchuan,83,CN,1595190350,27,38.47,106.27,75.33,8.05
371,Korem,64,ET,1595190350,67,12.51,39.52,62.08,2.01
372,Sohag,0,EG,1595190350,24,26.56,31.69,93.2,5.82
373,Zyryanka,0,RU,1595190350,54,65.75,150.85,67.51,11.97
374,Venezuela,92,VE,1595190350,60,8.0,-66.0,87.3,2.73
375,Yuzhno-Kurilsk,45,RU,1595190350,95,44.03,145.86,58.77,0.89
376,Te Anau,100,NZ,1595190093,86,-45.42,167.72,41.22,2.06
377,Miami,75,US,1595190277,55,25.77,-80.19,93.0,12.75
378,Ahipara,74,NZ,1595190351,89,-35.17,173.17,57.18,7.38
379,Jardim,0,BR,1595190351,31,-21.48,-56.14,87.62,5.5
380,Cuamba,0,MZ,1595190351,76,-14.8,36.54,61.41,5.7
381,Marathon,20,US,1595190231,47,44.9,-89.77,78.8,13.87
382,Resistencia,14,AR,1595190351,27,-27.46,-58.98,91.4,16.11
383,Gold Coast,0,AU,1595190160,95,-28.0,153.43,46.99,7.87
384,Storm Lake,0,US,1595190351,42,42.64,-95.21,84.2,10.29
385,Alice Springs,83,AU,1595190351,57,-23.7,133.88,48.2,6.93
386,Krasnorechenskiy,100,RU,1595190351,68,44.63,135.35,56.66,2.13
387,Port Augusta,90,AU,1595190351,75,-32.5,137.77,46.4,3.36
388,Southbridge,0,US,1595190352,44,42.08,-72.03,93.0,11.77
389,Ternate,80,ID,1595190352,80,0.8,127.4,79.52,4.32
390,Ust-Nera,100,RU,1595190352,67,64.57,143.2,58.32,4.68
391,Aden,93,YE,1595190205,70,12.78,45.04,86.34,28.01
392,Daru,99,PG,1595190352,89,-9.08,143.21,76.26,17.05
393,Bucerías,40,MX,1595190352,74,20.75,-105.33,90.0,11.41
394,Opuwo,0,NA,1595190352,39,-18.06,13.84,55.0,8.12
395,Palomares,48,MX,1595190352,66,17.15,-95.07,86.97,8.43
396,Beloha,0,MG,1595190352,79,-25.17,45.05,62.06,10.74
397,Avera,1,US,1595190353,37,33.19,-82.53,96.8,5.82
398,Flin Flon,40,CA,1595190353,35,54.77,-101.86,73.4,5.82
399,Puerto Lempira,20,HN,1595190354,70,15.27,-83.77,87.8,5.82
400,Markivka,0,UA,1595190354,73,49.52,39.57,63.1,5.88
401,Sorong,43,ID,1595190354,88,-0.88,131.25,77.61,7.47
402,Sisimiut,53,GL,1595190082,70,66.94,-53.67,53.78,3.65
403,Nunkiní,40,MX,1595190354,63,20.33,-90.18,91.4,4.7
404,Elhovo,20,BG,1595190354,57,42.17,26.57,75.2,9.17
405,Taormina,4,IT,1595190354,72,37.85,15.29,78.01,2.37
406,Hastings,89,GB,1595190354,99,50.86,0.57,59.0,1.01
407,Tiksi,14,RU,1595190062,68,71.69,128.87,56.97,9.1
408,Waimes,2,BE,1595190354,63,50.41,6.11,63.0,2.24
409,Balkhash,54,KZ,1595190354,50,46.84,74.98,77.43,8.93
410,Mezhova,2,UA,1595190355,71,48.25,36.73,65.5,9.31
411,Atasū,66,KZ,1595190355,51,48.68,71.64,71.47,7.78
412,Mazyr,15,BY,1595190355,69,52.05,29.25,62.17,4.21
413,Hambantota,78,LK,1595190355,82,6.12,81.12,80.13,7.38
414,Itoman,20,JP,1595190355,88,26.12,127.67,80.6,5.82
415,Mehamn,40,NO,1595190355,82,71.04,27.85,57.2,3.36
416,Padang,40,ID,1595190355,100,-0.95,100.35,73.4,2.24
417,Kahului,40,US,1595190354,46,20.89,-156.47,89.6,26.4
418,Yulara,90,AU,1595190086,76,-25.24,130.99,53.6,10.29
419,Ugoofaaru,100,MV,1595190356,87,5.67,73.0,77.85,27.47
420,Tomatlán,0,MX,1595190356,52,19.93,-105.25,92.95,9.31
421,Bulgan,21,MN,1595190356,87,48.81,103.53,46.65,1.43
422,Saint-Louis,90,SN,1595190356,40,16.33,-15.0,95.13,14.54
423,Zhuanghe,100,CN,1595190356,89,39.7,122.99,71.01,1.01
424,Dubbo,0,AU,1595190080,86,-32.25,148.62,37.4,4.7
425,La Paz,1,BO,1595190316,12,-16.5,-68.15,64.4,9.17
426,Straumen,75,NO,1595190356,63,63.87,11.3,62.6,12.75
427,Manaus,20,BR,1595190186,55,-3.1,-60.02,91.4,6.93
428,Swan Hill,0,AU,1595190254,93,-35.34,143.55,38.57,6.89
429,Lata,0,PT,1595190357,69,40.16,-8.33,75.99,1.01
430,Saint-Pierre,75,RE,1595190357,77,-21.34,55.48,68.0,14.99
431,Chak,43,PK,1595190357,50,27.86,68.83,95.5,18.72
432,Oyama,75,JP,1595190357,94,36.3,139.8,79.0,1.12
433,Mahon,20,ES,1595190357,83,39.89,4.27,73.4,4.7
434,Tokur,95,RU,1595190357,94,53.13,132.9,61.38,2.71
435,Dārāb,0,IR,1595190357,14,28.75,54.54,84.11,9.4
436,Marsh Harbour,4,BS,1595190358,76,26.54,-77.06,83.97,16.64
437,Dauphin,20,CA,1595190358,53,51.15,-100.05,73.4,10.29
438,Camacha,20,PT,1595190358,73,33.08,-16.33,71.6,14.99
439,Ishigaki,0,JP,1595190358,78,24.34,124.16,84.63,14.41
440,Cham,80,CH,1595190358,60,47.18,8.46,71.6,1.63
441,Jacqueville,20,CI,1595190358,94,5.21,-4.41,77.0,6.93
442,Buin,40,CL,1595190358,58,-33.73,-70.75,62.6,2.24
443,Katsuura,75,JP,1595190289,94,35.13,140.3,73.4,2.24
444,Half Moon Bay,20,US,1595190062,77,37.46,-122.43,73.0,5.82
445,Broken Hill,37,AU,1595190359,80,-31.95,141.43,41.0,3.36
446,Necochea,64,AR,1595190077,94,-38.55,-58.74,53.01,8.01
447,Kem',1,RU,1595190359,67,64.96,34.58,64.27,7.56
448,Kuusamo,83,FI,1595190359,77,65.97,29.18,64.4,3.36
449,Chapleau,75,CA,1595190359,68,47.84,-83.4,71.6,10.29
450,Zakamensk,16,RU,1595190359,86,50.37,103.29,42.64,0.78
451,Chumikan,100,RU,1595190359,96,54.72,135.31,53.53,11.21
452,College,75,US,1595190229,72,64.86,-147.8,64.4,4.7
453,Sindor,0,RU,1595190359,79,62.86,51.89,54.37,5.97
454,Upington,0,ZA,1595190359,18,-28.45,21.26,53.6,9.17
455,Troitskoye,96,RU,1595190359,83,52.98,84.68,59.41,6.42
456,Doha,0,QA,1595190360,71,25.29,51.53,97.0,3.36
457,Rosarito,5,MX,1595190360,61,32.33,-117.03,81.0,8.05
458,Kirillov,40,RU,1595190360,100,59.86,38.38,59.0,2.42
459,Comodoro Rivadavia,40,AR,1595190064,81,-45.87,-67.5,44.6,8.05
460,Killybegs,40,IE,1595190360,71,54.63,-8.45,57.2,12.75
461,Benjamin Constant,40,BR,1595190353,62,-4.38,-70.03,87.8,5.82
462,Tocopilla,99,CL,1595190360,49,-22.09,-70.2,64.26,6.15
463,Maraã,2,BR,1595190360,64,-1.83,-65.37,86.29,2.86
464,Hondomachi-hondo,85,JP,1595190360,88,32.45,130.2,80.01,10.0
465,Belaya Gora,50,RU,1595190360,50,68.53,146.42,68.09,16.46
466,Bulnes,90,CL,1595190361,100,-36.74,-72.3,55.0,13.87
467,Esim,48,GH,1595190361,90,4.87,-2.24,75.58,6.55
468,Cidreira,68,BR,1595190361,73,-30.18,-50.21,69.08,10.94
469,Mezen',0,RU,1595190361,56,65.85,44.24,58.12,3.13
470,Quatre Cocos,40,MU,1595190361,72,-20.21,57.76,68.0,12.75
471,Tefé,20,BR,1595190361,59,-3.35,-64.71,91.4,11.41
472,Primero de Marzo,10,PY,1595190361,33,-25.15,-56.93,89.6,16.11
473,Bozoum,100,CF,1595190362,94,6.32,16.38,69.12,1.92
474,Strezhevoy,40,RU,1595190362,82,60.73,77.59,64.4,6.71
475,Harper,79,LR,1595190362,87,4.38,-7.72,76.35,9.82
476,Praia,40,CV,1595190362,74,14.92,-23.51,80.6,6.93
477,Lang Suan,100,TH,1595190362,86,9.95,99.08,79.02,3.83
478,Mahon,20,ES,1595190094,83,39.89,4.27,75.2,4.7
479,Awjilah,0,LY,1595190185,50,29.11,21.29,82.2,17.09
480,Payo,46,ID,1595190362,95,-3.75,103.64,72.46,1.79
481,Deputatsky,100,RU,1595190315,77,69.3,139.9,55.15,1.41
482,Oranjemund,0,NA,1595190363,32,-28.55,16.43,64.35,2.77
483,Ozuluama de Mascareñas,5,MX,1595190363,66,21.67,-97.85,87.8,10.29
484,Ferme-Neuve,100,CA,1595190363,92,46.7,-75.45,78.08,10.29
485,Seoul,90,KR,1595190132,100,37.57,126.98,78.8,13.87
486,Namatanai,2,PG,1595190363,79,-3.67,152.43,78.51,4.79
487,Taubaté,20,BR,1595190363,26,-23.03,-45.56,80.6,1.48
488,Ulladulla,0,AU,1595190363,48,-35.35,150.47,53.6,21.92
489,Sulangan,98,PH,1595190363,74,11.14,123.72,83.55,7.63
490,Batagay,97,RU,1595190363,82,67.63,134.63,60.69,3.36
491,Aykhal,90,RU,1595190363,93,66.0,111.5,53.6,6.71
492,Toronto,20,CA,1595190303,88,43.7,-79.42,80.6,16.11
493,Tarumovka,0,RU,1595190363,69,44.08,46.54,76.93,9.69
494,Camocim,1,BR,1595190364,56,-2.9,-40.84,84.72,15.59
495,Auchi,100,NG,1595190364,96,7.07,6.27,72.66,6.15
496,Papara,99,BR,1595190364,65,-3.98,-38.73,82.4,13.87
497,San Cristobal,20,VE,1595190102,30,7.77,-72.22,96.8,6.15
498,Kavieng,50,PG,1595190243,75,-2.57,150.8,81.21,6.51
499,Bay City,40,US,1595190364,74,43.59,-83.89,81.0,13.87
500,Jacareacanga,19,BR,1595190364,32,-6.22,-57.75,94.8,3.78
501,Serebryansk,40,KZ,1595190364,87,49.69,83.29,59.0,4.47
502,Nanning,100,CN,1595190364,83,22.82,108.32,84.2,6.71
503,Colorado Springs,40,US,1595190120,41,38.83,-104.82,81.0,3.36
504,Bulawayo,0,ZW,1595190364,49,-20.15,28.58,51.94,11.48
505,Kutum,98,SD,1595190364,68,14.2,24.67,75.22,20.76
506,Cristalina,14,BR,1595190365,44,-16.77,-47.61,69.53,9.04
507,Nemuro,63,JP,1595190365,95,43.32,145.57,58.75,2.19
508,Seredka,36,RU,1595190365,82,58.16,28.19,60.8,2.24
509,Mil'kovo,88,RU,1595190365,77,54.72,158.62,54.79,2.1
510,Maragogi,54,BR,1595190365,85,-9.01,-35.22,75.34,13.22
511,Tazovsky,99,RU,1595190365,82,67.47,78.7,50.34,12.55
512,Victor Harbor,98,AU,1595190365,87,-35.57,138.62,50.0,7.54
513,Ciudad Bolivar,75,VE,1595190365,56,8.12,-63.55,89.44,4.65
514,Srednekolymsk,0,RU,1595190365,52,67.45,153.68,69.08,12.39
515,San Andrés,20,CO,1595190107,70,12.58,-81.7,87.8,14.99
516,Oxbow,100,CA,1595190365,74,49.23,-102.17,71.01,5.99
517,Rudnogorsk,24,RU,1595190365,95,57.26,103.75,41.97,1.9
518,Drumnadrochit,75,GB,1595190365,81,57.33,-4.48,55.0,12.75
519,Nouadhibou,19,MR,1595190366,88,20.93,-17.03,71.6,13.87
520,Fuxin,92,CN,1595190366,70,42.02,121.66,67.19,6.4
521,Vila Velha,75,BR,1595190287,88,-20.33,-40.29,73.99,3.36
522,Malé,75,MV,1595190366,74,4.17,73.51,84.2,18.34
523,Karlovasi,0,GR,1595190366,69,37.79,26.7,77.0,6.67
524,Tilichiki,100,RU,1595190366,98,60.47,166.1,49.84,8.05
525,Inuvik,90,CA,1595190366,70,68.35,-133.72,48.2,2.77
526,Thai Binh,40,VN,1595190366,84,20.45,106.33,86.0,11.41
527,Paka,33,MY,1595190366,100,4.64,103.44,75.2,3.36
528,Kruisfontein,0,ZA,1595190366,69,-34.0,24.73,52.27,3.78
529,Berlevåg,75,NO,1595190367,93,70.86,29.09,57.2,3.36
530,Caiapônia,0,BR,1595190367,31,-16.96,-51.81,81.21,5.26
531,Asău,100,RO,1595190087,97,46.43,26.4,60.01,1.88
532,Catherinas Lust,16,GY,1595190367,79,6.4,-57.6,82.87,7.7
533,Bom Jesus da Lapa,54,BR,1595190367,42,-13.26,-43.42,82.4,13.87
534,Abhā,100,SA,1595190367,53,18.22,42.51,75.2,6.93
535,Alyangula,90,AU,1595190108,100,-13.85,136.42,62.6,8.25
536,Bilibino,0,RU,1595190346,52,68.05,166.44,61.41,1.92
537,Pemba,40,MZ,1595190367,78,-12.97,40.52,75.2,12.75
538,Dois Córregos,0,BR,1595190367,40,-22.37,-48.38,75.0,1.99
539,Sechura,1,PE,1595190367,56,-5.56,-80.82,73.56,15.75
540,Širvintos,99,LT,1595190367,64,55.05,24.95,68.0,4.7
541,Surskoye,0,RU,1595190368,91,54.48,46.72,58.1,3.78
542,Tabou,54,CI,1595190368,89,4.42,-7.35,76.12,9.93
543,Redmond,8,US,1595190349,55,47.67,-122.12,82.99,1.01
544,Salinópolis,100,BR,1595190368,77,-0.61,-47.36,82.26,13.11
545,Pacific Grove,75,US,1595190323,68,36.62,-121.92,72.0,9.17
546,Christchurch,0,NZ,1595190368,100,-43.53,172.63,50.0,10.29
547,Port Hedland,0,AU,1595190368,63,-20.32,118.57,60.8,10.29
548,Kargasok,69,RU,1595190100,90,59.06,80.86,64.29,7.92
549,Priseaca,39,RO,1595190368,93,44.52,24.45,61.0,1.12
550,Sola,100,VU,1595190368,85,-13.88,167.55,77.29,17.45
551,Chapais,75,CA,1595190307,73,49.78,-74.85,73.4,12.75
552,Maceió,90,BR,1595190284,94,-9.67,-35.74,71.6,6.93
